Door,Acme Device ID
North Entrance,xkjv2vlc
West Entrance,7378vxjy
Laundry Room,u5j0cham
Pool Entrance 1,usppph3h
Pool Entrance 2,7aqvvurd
Coworking Space A Entrance,an5elaiz
Coworking Space B Entrance,306hqud2
Coworking Space C Entrance,321mrjwe
Unit 100,n1g7x2og
Unit 101,m39mknrl
Unit 102,62tcqtbx
Unit 103,9g6jzltc
Unit 104,pou3fjjx
Unit 105,spb75kjl
Unit 106,5qapgfx8
Unit 107,a68g31pk
Unit 108,v385vfqn
Unit 109,s4zw6bs6
Unit 200,y63ftocn
Unit 201,dbe2h68w
Unit 202,io08rze7
Unit 203,2bqxj1gj
Unit 204,eh1dckx8
Unit 205,415mpxqd
Unit 206,1wpgt7db
Unit 207,k8u01yen
Unit 208,28jmafsu
Unit 209,u2ej9rkz
Unit 300,4e6p7z9t
Unit 301,e308bafm
Unit 302,lng4oqw4
Unit 303,597vmeez
Unit 304,e936rsmg
Unit 305,z8ch2irr
Unit 306,6zirj2kg
Unit 307,yld44tbs
Unit 308,i9s0v34f
Unit 309,250b9i5i
Unit 400,lq194lve
Unit 401,7jbz7kqe
Unit 402,k34nnj5l
Unit 403,3gtmnrls
Unit 404,4qixj1mq
Unit 405,o8y3yxfa
Unit 406,508x6n5y
Unit 407,1fr5sbhe
Unit 408,c2wh01zc
Unit 409,r3jy5e0u
Unit 500,bj9ed0w5
Unit 501,y8vfmw2u
Unit 502,5d14vr47
Unit 503,uw41wrnr
Unit 504,1qol2m7r
Unit 505,a9f04mb4
Unit 506,01bvs7fe
Unit 507,0u7r0mzi
Unit 508,dl7w4jqh
Unit 509,7rocvx8v
